prompt Loading MODULES...
INSERT INTO MODULES(ID,MODULE_NAME) VALUES(1,'用户管理');
INSERT INTO MODULES(ID,MODULE_NAME) VALUES(2,'系统管理');
INSERT INTO MODULES(ID,MODULE_NAME) VALUES(3,'订阅管理');
INSERT INTO MODULES(ID,MODULE_NAME) VALUES(4,'数据库管理');
INSERT INTO MODULES(ID,MODULE_NAME) VALUES(5,'数据比对');
INSERT INTO MODULES(ID,MODULE_NAME) VALUES(6,'架构比对');
INSERT INTO MODULES(ID,MODULE_NAME) VALUES(7,'报告管理');
INSERT INTO MODULES(ID,MODULE_NAME) VALUES(8,'首页');
commit;
prompt Loading ROLES...
INSERT INTO ROLES(ID,ROLE_NAME) VALUES(1,'系统管理员');
INSERT INTO ROLES(ID,ROLE_NAME) VALUES(2,'普通管理员');
INSERT INTO ROLES(ID,ROLE_NAME) VALUES(3,'普通用户');
commit;
prompt Loading ROLE_PRIVILEGES...
INSERT INTO ROLE_PRIVILEGES(ID,ROLE_ID,MODULE_ID) VALUES(1,1,1);
INSERT INTO ROLE_PRIVILEGES(ID,ROLE_ID,MODULE_ID) VALUES(2,1,2);
INSERT INTO ROLE_PRIVILEGES(ID,ROLE_ID,MODULE_ID) VALUES(3,1,3);
INSERT INTO ROLE_PRIVILEGES(ID,ROLE_ID,MODULE_ID) VALUES(4,1,4);
INSERT INTO ROLE_PRIVILEGES(ID,ROLE_ID,MODULE_ID) VALUES(5,1,5);
INSERT INTO ROLE_PRIVILEGES(ID,ROLE_ID,MODULE_ID) VALUES(6,1,6);
INSERT INTO ROLE_PRIVILEGES(ID,ROLE_ID,MODULE_ID) VALUES(7,1,7);
INSERT INTO ROLE_PRIVILEGES(ID,ROLE_ID,MODULE_ID) VALUES(8,1,8);
INSERT INTO ROLE_PRIVILEGES(ID,ROLE_ID,MODULE_ID) VALUES(9,2,1);
INSERT INTO ROLE_PRIVILEGES(ID,ROLE_ID,MODULE_ID) VALUES(10,2,3);
INSERT INTO ROLE_PRIVILEGES(ID,ROLE_ID,MODULE_ID) VALUES(11,2,4);
INSERT INTO ROLE_PRIVILEGES(ID,ROLE_ID,MODULE_ID) VALUES(12,2,5);
INSERT INTO ROLE_PRIVILEGES(ID,ROLE_ID,MODULE_ID) VALUES(13,2,6);
INSERT INTO ROLE_PRIVILEGES(ID,ROLE_ID,MODULE_ID) VALUES(14,2,7);
INSERT INTO ROLE_PRIVILEGES(ID,ROLE_ID,MODULE_ID) VALUES(15,2,8);
INSERT INTO ROLE_PRIVILEGES(ID,ROLE_ID,MODULE_ID) VALUES(16,3,7);
INSERT INTO ROLE_PRIVILEGES(ID,ROLE_ID,MODULE_ID) VALUES(17,3,8);
commit;
prompt Loading SYS_EMAIL_CONFIG...
INSERT INTO SYS_EMAIL_CONFIG(ID,EMAIL_SERVER_ADDR,EMAIL_SERVER_PORT,SENDER_EMAIL,EMAIL_PASSWORD,EMAIL_SERVICE_STATUS) VALUES(1,'127.0.0.1','25','DCSTAR@qq.cm','','1');
commit;
prompt Loading SYS_SMS_CONFIG...
INSERT INTO SYS_SMS_CONFIG(ID,SMS_MODE,SMS_SERVICE_STATUS) VALUES(1,'1','1');
commit;
prompt Loading SYS_RETENTION_POLICY...
INSERT INTO SYS_RETENTION_POLICY(ID,RETENTION_NAME,RETENTION_DURATION) VALUES(1,'日志保留策略',3);
INSERT INTO SYS_RETENTION_POLICY(ID,RETENTION_NAME,RETENTION_DURATION) VALUES(2,'报告保留策略',3);
INSERT INTO SYS_RETENTION_POLICY(ID,RETENTION_NAME,RETENTION_DURATION) VALUES(3,'订阅发送保留策略',3);
INSERT INTO SYS_RETENTION_POLICY(ID,RETENTION_NAME,RETENTION_DURATION) VALUES(4,'告警事件保留策略',3);
commit;
prompt Loading SYS_APPLICATION_CONFIG...
INSERT INTO SYS_APPLICATION_CONFIG(ID,APPLICATION_NAME,LOGO_ADDR) VALUES(1,'DCSTAR数据库一致性校验保障云平台','/DCSTAR/dcstar.png');
commit;
prompt Loading SYS_THRESHOLD_CONFIG...
INSERT INTO  SYS_THRESHOLD_CONFIG(ID,THRESHOLD_NAME,THRESHOLD_VALUE) VALUES(1,'系统同时运行比对线程数量限制',5);
INSERT INTO  SYS_THRESHOLD_CONFIG(ID,THRESHOLD_NAME,THRESHOLD_VALUE) VALUES(2,'比对记录差异条数告警阀值',500);
INSERT INTO  SYS_THRESHOLD_CONFIG(ID,THRESHOLD_NAME,THRESHOLD_VALUE) VALUES(3,'比对记录差异条数报告阀值',2000);
commit;
prompt Loading DATABASE_TYPE...
INSERT INTO DATABASE_TYPE(ID,DB_TYPE_NAME) VALUES(1,'oracle9');
INSERT INTO DATABASE_TYPE(ID,DB_TYPE_NAME) VALUES(2,'oracle10');
INSERT INTO DATABASE_TYPE(ID,DB_TYPE_NAME) VALUES(3,'oracle11');
INSERT INTO DATABASE_TYPE(ID,DB_TYPE_NAME) VALUES(4,'oracle12');
INSERT INTO DATABASE_TYPE(ID,DB_TYPE_NAME) VALUES(5,'mysql');
INSERT INTO DATABASE_TYPE(ID,DB_TYPE_NAME) VALUES(6,'sqlserver');
commit;
prompt Loading SCHEMA_COMPARE_ITEMS...
INSERT INTO SCHEMA_COMPARE_ITEMS(ID,ITEM_NAME) VALUES(1,'TABLE');
INSERT INTO SCHEMA_COMPARE_ITEMS(ID,ITEM_NAME) VALUES(2,'VIEW');
INSERT INTO SCHEMA_COMPARE_ITEMS(ID,ITEM_NAME) VALUES(3,'STORED PROCEDURE');
INSERT INTO SCHEMA_COMPARE_ITEMS(ID,ITEM_NAME) VALUES(4,'TRIGGER');
INSERT INTO SCHEMA_COMPARE_ITEMS(ID,ITEM_NAME) VALUES(5,'SEQUENCE');
INSERT INTO SCHEMA_COMPARE_ITEMS(ID,ITEM_NAME) VALUES(6,'FUNCTION');
INSERT INTO SCHEMA_COMPARE_ITEMS(ID,ITEM_NAME) VALUES(7,'INDEX');
INSERT INTO SCHEMA_COMPARE_ITEMS(ID,ITEM_NAME) VALUES(8,'SYNONYM');
INSERT INTO SCHEMA_COMPARE_ITEMS(ID,ITEM_NAME) VALUES(9,'PACKAGE');
INSERT INTO SCHEMA_COMPARE_ITEMS(ID,ITEM_NAME) VALUES(10,'PACKAGE BODY');
INSERT INTO SCHEMA_COMPARE_ITEMS(ID,ITEM_NAME) VALUES(11,'DATABASE LINK');
INSERT INTO SCHEMA_COMPARE_ITEMS(ID,ITEM_NAME) VALUES(12,'JAVA SOURCE');
INSERT INTO SCHEMA_COMPARE_ITEMS(ID,ITEM_NAME) VALUES(13,'DIRECTORY');
INSERT INTO SCHEMA_COMPARE_ITEMS(ID,ITEM_NAME) VALUES(14,'TYPE');
INSERT INTO SCHEMA_COMPARE_ITEMS(ID,ITEM_NAME) VALUES(15,'LIBRARY');
commit;
prompt Loading DB_TYPE_ITEM_RELATION...
INSERT INTO  DB_TYPE_ITEM_RELATION(ID,DB_TYPE_ID,ITEM_ID) VALUES(1,1,1);
INSERT INTO  DB_TYPE_ITEM_RELATION(ID,DB_TYPE_ID,ITEM_ID) VALUES(2,1,2);
INSERT INTO  DB_TYPE_ITEM_RELATION(ID,DB_TYPE_ID,ITEM_ID) VALUES(3,1,3);
INSERT INTO  DB_TYPE_ITEM_RELATION(ID,DB_TYPE_ID,ITEM_ID) VALUES(4,1,4);
INSERT INTO  DB_TYPE_ITEM_RELATION(ID,DB_TYPE_ID,ITEM_ID) VALUES(5,1,5);
INSERT INTO  DB_TYPE_ITEM_RELATION(ID,DB_TYPE_ID,ITEM_ID) VALUES(6,1,6);
INSERT INTO  DB_TYPE_ITEM_RELATION(ID,DB_TYPE_ID,ITEM_ID) VALUES(7,1,7);
INSERT INTO  DB_TYPE_ITEM_RELATION(ID,DB_TYPE_ID,ITEM_ID) VALUES(8,1,8);
INSERT INTO  DB_TYPE_ITEM_RELATION(ID,DB_TYPE_ID,ITEM_ID) VALUES(9,1,9);
INSERT INTO  DB_TYPE_ITEM_RELATION(ID,DB_TYPE_ID,ITEM_ID) VALUES(10,1,10);
INSERT INTO  DB_TYPE_ITEM_RELATION(ID,DB_TYPE_ID,ITEM_ID) VALUES(11,1,11);
INSERT INTO  DB_TYPE_ITEM_RELATION(ID,DB_TYPE_ID,ITEM_ID) VALUES(12,1,12);
INSERT INTO  DB_TYPE_ITEM_RELATION(ID,DB_TYPE_ID,ITEM_ID) VALUES(13,1,13);
INSERT INTO  DB_TYPE_ITEM_RELATION(ID,DB_TYPE_ID,ITEM_ID) VALUES(14,1,14);
INSERT INTO  DB_TYPE_ITEM_RELATION(ID,DB_TYPE_ID,ITEM_ID) VALUES(15,1,15);
INSERT INTO  DB_TYPE_ITEM_RELATION(ID,DB_TYPE_ID,ITEM_ID) VALUES(16,5,1);
INSERT INTO  DB_TYPE_ITEM_RELATION(ID,DB_TYPE_ID,ITEM_ID) VALUES(17,5,2);
INSERT INTO  DB_TYPE_ITEM_RELATION(ID,DB_TYPE_ID,ITEM_ID) VALUES(18,5,3);
INSERT INTO  DB_TYPE_ITEM_RELATION(ID,DB_TYPE_ID,ITEM_ID) VALUES(19,5,6);
INSERT INTO  DB_TYPE_ITEM_RELATION(ID,DB_TYPE_ID,ITEM_ID) VALUES(20,6,1);
INSERT INTO  DB_TYPE_ITEM_RELATION(ID,DB_TYPE_ID,ITEM_ID) VALUES(21,6,2);
INSERT INTO  DB_TYPE_ITEM_RELATION(ID,DB_TYPE_ID,ITEM_ID) VALUES(22,6,3);
INSERT INTO  DB_TYPE_ITEM_RELATION(ID,DB_TYPE_ID,ITEM_ID) VALUES(23,6,4);
INSERT INTO  DB_TYPE_ITEM_RELATION(ID,DB_TYPE_ID,ITEM_ID) VALUES(24,6,5);
INSERT INTO  DB_TYPE_ITEM_RELATION(ID,DB_TYPE_ID,ITEM_ID) VALUES(25,6,6);
INSERT INTO  DB_TYPE_ITEM_RELATION(ID,DB_TYPE_ID,ITEM_ID) VALUES(26,6,7);
INSERT INTO  DB_TYPE_ITEM_RELATION(ID,DB_TYPE_ID,ITEM_ID) VALUES(27,6,8);
